timestep,INTERESTingProduct,James_Fund_007
0,3.4999999999999996,100.0
1,3.3900921662238725,100.00364742301282
2,3.5140717137934336,100.0071430946095
3,3.4308500305936995,100.01059974061539
4,3.4189954682439576,100.01422287025764
5,3.374713016431667,100.01754058320563
6,3.218346595344299,100.02068014896929
7,3.1119250637907343,100.02360108766284
8,3.008693048556383,100.02676229959752
9,2.8919153774446187,100.02962855927817
10,2.876360495347479,100.03244996166313
11,2.965549026056751,100.0353916344623
12,3.1556235398389925,100.0383524920338
13,3.1956278632352633,100.04133594902937
14,3.3836592813558997,100.04471385447495
15,3.262572311740347,100.0480697851318
16,3.441161900892185,100.0513445391675
17,3.400517284346762,100.05469438720675
18,3.609822904237066,100.05796272096678
19,3.5133421536181886,100.06158467612006
20,3.6027766646389257,100.06492403825696
21,3.4814996111957637,100.06852144717462
22,3.388092352785132,100.07220156917259
23,3.6193914918919026,100.07566707737288
24,3.536994989337391,100.0793271300361
25,3.548727042298147,100.08273757202409
26,3.430148584363038,100.08627856031083
27,3.42282796655204,100.08960033749223
28,3.644635324649277,100.09320884006334
29,3.6674098864514897,100.09680877973321
30,3.6054898420168344,100.10040237148316
31,3.565894260052415,100.10401494736931
32,3.551873894027436,100.10756950327534
33,3.566139075208603,100.11122314863373
34,3.634111985426996,100.11507338764518
35,3.7162101376090235,100.11874182303873
36,3.6451495451701645,100.1223901625933
37,3.709373971677394,100.12608929769448
38,3.5311294608310853,100.12970727333823
39,3.590555563639956,100.13364144324396
40,3.5392169254533257,100.13747843872262
41,3.54084247565488,100.14121031873036
42,3.6065097641831394,100.14489894987783
43,3.7474912159404297,100.1485498625924
44,3.720969612178036,100.15232520521121
45,3.756648877861878,100.15606829322958
46,3.809522135424651,100.16017313775058
47,3.632896392647951,100.16401270580222
48,3.658365643048361,100.16764835838752
49,3.8672261464469417,100.17136942212767
50,3.975049130369405,100.17539118457445
51,3.8976848873546874,100.17901785906378
52,3.867663474197068,100.18305569616686
53,3.787129980826117,100.18670758346911
54,3.8746869107476183,100.19074040621996
55,3.8626015029775043,100.19445010640483
56,3.7069482670900604,100.19824921833518
57,3.7516737948576635,100.20173551958428
58,3.829542385855774,100.20572493086941
59,3.832526625672006,100.20960264567637
60,3.882314340900609,100.21374016301768
61,3.825259303216525,100.21792120320116
62,3.989982941598913,100.22190847452282
63,3.823475965264115,100.2257206349973
64,3.818448177735222,100.22956703061293
65,3.8369444427877535,100.23357398184207
66,3.8045727801081033,100.23749456841776
67,3.809510725112807,100.24130638316055
68,3.716799300461823,100.24520271614801
69,3.667363673934623,100.24900504552117
70,3.555257613281255,100.25253723179165
71,3.5333154603418793,100.25606440250549
72,3.683353455868,100.25968891660168
73,3.742972095725971,100.26346329665921
74,3.6132535526916514,100.26719687042718
75,3.578588183064761,100.27073384274867
76,3.570079543331572,100.27426855401573
77,3.492861639935409,100.27774315536011
78,3.444056546051816,100.28121177811362
79,3.582701496884838,100.28475620047239
80,3.4431965521491468,100.28865409215506
81,3.470125363581068,100.29194907677972
82,3.3052143399720157,100.29559276672335
83,3.3392149294217526,100.29894354100654
84,3.2317524262667847,100.30207128951884
85,3.2931974060735207,100.305271321411
86,3.482577822906036,100.30849399340818
87,3.4730167036320596,100.31194444959046
88,3.614479942342413,100.31550737900544
89,3.7029200919440544,100.31933152563074
90,3.7606086772431966,100.32317382010982
91,3.654965297334512,100.3269513582517
92,3.7688383951489137,100.33065476720752
93,3.835490815364435,100.33469040494877
94,3.714795446399795,100.33838926130811
95,3.6356019443218157,100.34225455718439
96,3.5592084934722767,100.34569941049799
97,3.443877454006953,100.3489869482865
98,3.4260103974557663,100.35240083032987
99,3.449297260098372,100.35549083056826
100,3.409992027707571,100.35877999700178
101,3.435487915676392,100.36223494051964
102,3.285842052735382,100.36542603229161
103,3.4033995586955443,100.36884681362679
104,3.4530783159023284,100.37187322702528
105,3.667784311762996,100.37538767917498
106,3.535565941684589,100.37879377429849
107,3.4074262625212333,100.38221648872072
108,3.2667996698874315,100.38554339662309
109,3.375012363888351,100.38866427273418
110,3.2226055998388237,100.39192426571388
111,3.148313875492051,100.39484302365153
112,2.9983145320740947,100.39806454278838
113,2.98265848913995,100.40081546147417
114,2.9806451191029844,100.40354096081921
115,3.0139978976285695,100.40637620397136
116,2.9843800076500413,100.40917883381748
117,2.8688485808558752,100.41213803115599
118,2.9032347904559472,100.41482205575052
119,2.9001662510776858,100.41761453853249
120,2.901856650210928,100.42046488099129
121,2.8211215361684285,100.42342267322083
122,2.848049432317482,100.42608922406093
123,2.9045890619403916,100.42864878170415
124,2.8058434071851104,100.43138348028849
125,2.6844623591057535,100.43430165993985
126,2.7657222460543527,100.43702202772789
127,2.584164196492292,100.43974381594904
128,2.4918484928520837,100.44237471950939
129,2.416885690189621,100.4448407075393
130,2.3445680259172677,100.44734782261177
131,2.4237757528844575,100.44970353366777
132,2.536254321163419,100.45205376911977
133,2.6446885130399873,100.4546351892061
134,2.56385525034547,100.45737817056468
135,2.699811559102037,100.45977430086667
136,2.5544021567852355,100.4622756273246
137,2.601848914846908,100.46502497978396
138,2.6223134893091107,100.4676129717969
139,2.7913115482274216,100.47037888752463
140,2.853947408166273,100.47327116309984
141,3.0368843634452447,100.47624648376942
142,2.931282405001394,100.47908754177911
143,3.0074870923143013,100.4819098008034
144,3.129548644184077,100.48498870059483
145,3.1729266906434033,100.4880029621244
146,3.0868234393886818,100.49113636660671
147,3.0686235873732897,100.49430770249397
148,3.1297014024103893,100.49735040390863
149,3.207869426736235,100.50048700401386
150,3.128213052143555,100.50385624826046
151,3.0327559316019914,100.50716338618443
152,3.1590663108345645,100.51017799806097
153,3.270559685849342,100.51346208597802
154,3.3790872819126268,100.51653804019695
155,3.5564382201533613,100.51986470982956
156,3.569847445186978,100.52341595335302
157,3.408777025422913,100.52694560511326
158,3.5480617401821095,100.53030435960088
159,3.5191871485900217,100.53371718730726
160,3.689009841161882,100.53722542596812
161,3.5804128742651025,100.54067833288653
162,3.6683267215252484,100.54418601397396
163,3.5549897615395833,100.54779206568242
164,3.7104123617462594,100.55142836760785
165,3.5358055098318246,100.55496050882078
166,3.544560573638593,100.55853139458583
167,3.536161865947014,100.56211876333512
168,3.469184861825443,100.56564927879101
169,3.4727638054411583,100.56918239541302
170,3.4006877039536385,100.57269357470851
171,3.3378486371684115,100.57577125114383
172,3.338801472609528,100.5789811618737
173,3.2791645434407273,100.58259023950241
174,3.2751258422595013,100.58594202054493
175,3.3345797328443463,100.5891023542783
176,3.2421530622787875,100.59241511404251
177,3.2537217410378245,100.59568702614531
178,3.1618554269855363,100.59911872326956
179,3.3186099005242524,100.60222115320197
180,3.3501689595292157,100.60545387098979
181,3.20928166539798,100.60873953612435
182,3.388625986703603,100.61190826104126
183,3.4194614557487073,100.61525822945762
184,3.335381180155546,100.61872782253224
185,3.5787760769682646,100.62206396137744
186,3.5663061626638424,100.62569940144581
187,3.4360630980256017,100.62960226660726
188,3.556259807328203,100.63301888395232
189,3.5946945622561977,100.6366846638107
190,3.7172159337469437,100.64016737653557
191,3.7455287002795594,100.64407413124098
192,3.696804983374781,100.64807459657918
193,3.57346501808291,100.65176722097948
194,3.493417950596523,100.65534375893317
195,3.4421054722191493,100.65904470022325
196,3.284321314040626,100.66254280543055
197,3.230502998907508,100.66606914992347
198,3.204182636258216,100.66922598019936
199,3.1934676514377562,100.67263044613742
200,2.905759326221929,100.67616798108402
201,2.8059494472667676,100.67917758227216
202,2.78860817962606,100.68196404404512
203,2.721490238358838,100.68474882408543
204,2.7821971776269594,100.68754204739638
205,2.74406175684392,100.69051448794328
206,2.720364890223393,100.693119629398
207,2.761020448886546,100.69584724561335
208,2.863387674198401,100.69864883587219
209,2.888850191733086,100.7017017243241
210,2.73576363641407,100.70479825772762
211,2.8704579154068948,100.70748373631153
212,2.956156735180686,100.71020768445483
213,2.851852039172135,100.7131431549638
214,2.877466879704489,100.71598190880437
215,2.7951485509055978,100.71896430442187
216,2.7337883931607787,100.72165368599325
217,2.7913727946419926,100.72424143018667
218,2.8112871417268455,100.72702591007504
219,2.8437396369546923,100.72982412982955
220,2.8860810187946857,100.73264741993852
221,3.0171257410901546,100.73543249969751
222,3.0684041487561045,100.73829591667796
223,3.079552826302603,100.74145301916917
224,3.050769300366873,100.74458282504524
225,3.0232970797178815,100.74752227294634
226,2.999921824839171,100.75064250183479
227,2.985646984939789,100.75341115598881
228,2.855963231210128,100.75641067850341
229,2.872835616096619,100.75940327114574
230,3.0204461205564352,100.76249947388426
231,3.0240232463878134,100.76552466285568
232,3.036229966791696,100.76872564696748
233,2.8585061817487056,100.77169986355783
234,2.7317910438696087,100.77468875644216
235,2.630274118923144,100.77768859968126
236,2.588140111232643,100.78022823704026
237,2.5540395672108325,100.78285329548419
238,2.5088598590874147,100.78543909911437
239,2.4969794783163537,100.78775329098909
240,2.614434781558773,100.7902429177188
241,2.665777440446127,100.79271587456375
242,2.8131308293275823,100.79518824891677
243,2.6389660965533657,100.7978651178341
244,2.6447695552505186,100.80031830539835
245,2.6133067786022113,100.80291104391615
246,2.669116358102866,100.8054334926065
247,2.616200528371956,100.80827668691131
248,2.610267777823972,100.81068717799617
249,2.5624463491883613,100.81327327627457
250,2.6045346693451914,100.81581099677676
251,2.7113697777738173,100.81822117685384
252,2.5271199031412626,100.82109384046356
253,2.4878814146666475,100.82360712983419
254,2.6538894241404725,100.82601348299818
255,2.758770880802729,100.82871139823581
256,2.8285807022410037,100.83159021910573
257,2.7337724424800824,100.8343235198339
258,2.66350626845604,100.83708618505605
259,2.6929841157481547,100.83989338651935
260,2.6851568862148842,100.8426171778934
261,2.5753627188572357,100.84534816538356
262,2.523436623512806,100.84786168908599
263,2.7436701774163295,100.85015371887313
264,2.780626659414197,100.8528430273149
265,2.6166317755164847,100.85551904017495
266,2.783688201800274,100.8581014339088
267,2.7190541934217456,100.86082450685267
268,2.9078014629486564,100.86357791289154
269,3.00088227699994,100.86646598359587
270,2.720558513731775,100.86959511845737
271,2.523465981770286,100.87241721974105
272,2.5123092745782682,100.8748281861159
273,2.57759411198629,100.87751184492059
274,2.6330212986675576,100.88000978311605
275,2.72823365533422,100.8825664685614
276,2.735177669886287,100.88553170285581
277,2.591958330815003,100.88830198791041
278,2.5649881552377454,100.89099136516562
279,2.363454135673576,100.89344769352145
280,2.3350286540652108,100.89584549989983
281,2.466345088873948,100.89824995406573
282,2.6247240703925874,100.9007609618373
283,2.5764671016204104,100.90336893490175
284,2.626530233600126,100.90602043123438
285,2.5095183628812854,100.90885135536725
286,2.598718287100631,100.91128983311884
287,2.495229205992882,100.91360520310639
288,2.4759328637348688,100.91629743152771
289,2.540288344583969,100.91873128667805
290,2.495277122000512,100.92123260799461
291,2.540962852751028,100.92368895645242
292,2.492841210548156,100.92608599379493
293,2.5349056779553667,100.92855612261789
294,2.5391503217043794,100.93112021542666
295,2.6600307812299007,100.93371206046874
296,2.57740823287061,100.9362972848297
297,2.6240302114502887,100.9385662319636
298,2.606802733800995,100.94103028490453
299,2.6647969419176163,100.94377790701336
300,2.580017090976965,100.9462942738331
301,2.741005282310186,100.94891166293799
302,2.7854979677659046,100.95157912318696
303,2.667578510698419,100.95444593554714
304,2.7610570426345498,100.95712790443594
305,2.938680590026055,100.95970154773312
306,2.827134901563598,100.96248995661142
307,2.7101898249887366,100.96510054442724
308,2.8634537129172055,100.96789064992505
309,2.782792032056922,100.9705974340117
310,2.8768818370878533,100.97335109753614
311,2.906390237807074,100.97628052421891
312,2.8725478689384496,100.97930597297602
313,2.881959026285289,100.98221907468768
314,2.9879930132369834,100.98504158010925
315,3.0307335990389555,100.98802331453432
316,2.936181366539518,100.99108291708069
317,2.880765949588376,100.9938315387691
318,2.99846589759074,100.99690886939048
319,3.1936897478011423,101.00009120767577
320,3.26639864457251,101.0032921750018
321,3.5320610634788387,101.00683141806618
322,3.517747880040229,101.01047696718419
323,3.6093005529882536,101.01421924849203
324,3.660869491398511,101.01807058903533
325,3.86090206471169,101.02187284427835
326,3.8552934731189903,101.02567793246043
327,3.987947801807004,101.02976930630605
328,3.9968239308047955,101.03398793242349
329,3.9289101839521248,101.03805895955753
330,4.113263807350614,101.04212889096259
331,4.1039005550568595,101.04634423906184
332,4.118034545355578,101.05046855011187
333,4.03506185247204,101.05472631948435
334,4.130766835746723,101.05882560250865
335,4.011601330180299,101.06310356475461
336,3.88452196419672,101.06713738295291
337,3.9946237020082775,101.07099411277888
338,3.9790385708248506,101.07482728082641
339,3.9695062713089526,101.07913828003754
340,3.8526653381467972,101.08313253731686
341,3.8972490895174476,101.08693661405856
342,3.9914491428601973,101.09094448033939
343,4.036279499840338,101.09500318428178
344,3.8660417473295765,101.0991548419525
345,3.989210174822442,101.1031583092995
346,4.040815427103148,101.10738268192664
347,3.978370958038084,101.11133140953501
348,3.989141965729541,101.11535542411572
349,3.8594097226637443,101.11918817405946
350,3.912199035318473,101.12301078806148
351,3.897058753675933,101.12704984664552
352,3.9694900755236104,101.13088522172394
353,4.043329523535101,101.13521019799803
354,4.072301882472247,101.13931442687534
355,4.108627311553992,101.14323691640459
356,4.20552867483522,101.14753972299826
357,4.115269018979748,101.15213525496675
358,4.192562767556789,101.15607907647184
359,4.028118198655692,101.1604780022669
360,4.004129166328296,101.16447011011209
361,4.144872699445109,101.16855053354887
362,4.15076407655193,101.1726091009956
363,4.137652768732027,101.17695545225152
364,4.090124457678127,101.18116385099235
365,3.9943035403796716,101.18548147771543
366,4.160338960591243,101.18942055249883
367,4.012096868194457,101.19366798779987
368,3.8673644421229385,101.1974770499848
369,3.7306385973756364,101.20173818542924
370,3.9158961054521506,101.2057795318403
371,3.920269816696951,101.21006158593266
372,4.008712387211065,101.21426462668327
373,4.068390635376735,101.21832019220918
374,4.130277906286311,101.22252353691714
375,4.156217784504028,101.22684891498703
376,4.189627707470035,101.23121987605165
377,4.318113098802271,101.23549192855246
378,4.318694084411821,101.23987420269584
379,4.243126558124951,101.24417454975153
380,4.374074809033893,101.24854954602269
381,4.4273924595056515,101.25305256498577
382,4.209744283578132,101.25758996085328
383,4.177802027243655,101.2620238274581
384,4.146251894669915,101.26617117042375
385,4.284101840350049,101.27031735298192
386,4.278418636501835,101.27457189334697
387,4.212117634543019,101.27900006194209
388,4.1047410182205875,101.28329415310466
389,4.111018419507385,101.28751060389372
390,4.1974703861034195,101.29157870832259
391,4.3696692210550525,101.29582102714905
392,4.213621104594683,101.30007699399114
393,4.215007033153716,101.30418438743817
394,4.168011588248429,101.30842529662019
395,4.140246542229825,101.31250548021735
396,4.057775816419667,101.31664706096936
397,3.90284970280157,101.32068992053
398,3.9229795139048274,101.32448239662641
399,3.875651530384344,101.32837745593805
400,3.947343480951983,101.332240499714
401,3.951007124532278,101.33618091156595
402,4.089122883858257,101.33994117005645
403,4.204598274901743,101.34398327988418
404,4.417571364924136,101.3483717377872
405,4.330568185547846,101.3529055544058
406,4.452568425503956,101.3572585148348
407,4.4474113583042305,101.36162900200193
408,4.503669685487598,101.36615332057522
409,4.516177252568175,101.37086559894037
410,4.546191852693728,101.37560865391164
411,4.493027760672902,101.38009222500523
412,4.595827090233014,101.38441953233522
413,4.504699131915366,101.38899216715085
414,4.493430448174736,101.39344727177037
415,4.547604641557035,101.39787383616672
416,4.4897551218052705,101.4022730106203
417,4.558493778502678,101.40653991919181
418,4.521339423142932,101.41116173849306
419,4.506650385026434,101.41581219968371
420,4.619686680060243,101.42028935289461
421,4.589251573029694,101.42518053989605
422,4.6929348651490645,101.42985706196725
423,4.752772443438909,101.43456600319831
424,4.9334301208648155,101.43919443516417
425,4.845548293845237,101.44390528574853
426,4.796031080551009,101.44865928758179
427,4.815425742836736,101.45347071129811
428,4.804591783153981,101.45857663762466
429,4.8439681267456205,101.4634318631947
430,4.858465904321783,101.46836016095448
431,4.720335143888065,101.47313641349676
432,4.635944047528321,101.47788015547239
433,4.801018482401267,101.48253757806692
434,4.73850845533673,101.48723242860532
435,4.784756041410505,101.49211017631592
436,4.710385633572862,101.49687692428239
437,4.6376388321956945,101.50171392691234
438,4.733706123460376,101.50632895853431
439,4.74116112461757,101.51097596874655
440,4.623008562743866,101.51556286835488
441,4.625653405145431,101.52010191089451
442,4.670487333517893,101.52487484842325
443,4.817375639630388,101.52940738904039
444,4.610686470647293,101.53430182559467
445,4.708978995173597,101.53890015718792
446,4.670045106718868,101.54370629801579
447,4.856811505446284,101.54838958035245
448,4.995143458272631,101.55309858512736
449,5.169060576639289,101.55813284383412
450,5.146869231488382,101.56362915421113
451,5.016994622233855,101.56887845521399
452,5.023094642452099,101.57407230273935
453,4.933418730227086,101.57920247790244
454,4.9369252516999875,101.58435419606892
455,4.801487252805318,101.58936920433078
456,4.764464869112005,101.59431983936639
457,4.922570013530823,101.59935994296909
458,4.948986556137974,101.60442763124794
459,4.859742847564076,101.6096760322239
460,4.909907923132411,101.61457465296411
461,4.850115180012171,101.61965435997199
462,4.968767329736136,101.62463702842803
463,5.099342009991195,101.63008303079542
464,5.155950543512497,101.63523389509795
465,5.325571599876191,101.64049189313235
466,5.267554137276968,101.64558955885695
467,5.436499136999589,101.65072460649084
468,5.474423825867609,101.65621497584311
469,5.540525920822672,101.6617247781908
470,5.313506265746255,101.66733372227448
471,5.285818240235324,101.67267713714922
472,5.249808873647951,101.67802017566761
473,5.106007309741132,101.68312290700003
474,5.002074625561095,101.6882798348777
475,5.112537967158514,101.69332040134206
476,5.184114954141913,101.6986536416753
477,5.256300808366663,101.70402199319372
478,5.425243838301758,101.70902580384045
479,5.4582572979906105,101.71443801178988
480,5.611245855691058,101.72020739524893
481,5.649765066924245,101.72608541414546
482,5.591700617608273,101.73195309879398
483,5.587145833527279,101.73766925388323
484,5.6648214019097,101.74353689999487
485,5.4894401682248235,101.74920738117822
486,5.508839231735606,101.7548140515375
487,5.562205874540602,101.76054761988414
488,5.495095784997693,101.76634520213865
489,5.362075593888113,101.7720329926879
490,5.417391158579054,101.77758319247921
491,5.42809628801194,101.78317559377308
492,5.543199055413192,101.78874292448705
493,5.576079912135757,101.79464361727253
494,5.379796748807481,101.800631427683
495,5.381308284832163,101.80618547264487
496,5.442207012775659,101.81158621336763
497,5.307076139156611,101.81718913658706
498,5.14329093970459,101.82264451514897
499,5.178648388250704,101.82763049533692
500,5.296586531462866,101.83305219582834
501,5.249921065357583,101.83830569668814
502,5.267073342714118,101.84352562053921
503,5.16063933751976,101.84884916134715
504,5.089445787818747,101.85402917247319
505,5.123539263041998,101.8591668728925
506,5.132440260280224,101.86436006027387
507,5.166247699441868,101.86961691536415
508,5.209869082137174,101.874915047628
509,5.419199599569169,101.8800515128454
510,5.114512671508155,101.88549597902238
511,5.167866431079811,101.8906725046458
512,5.100219647492436,101.89589207735061
513,5.007597141461682,101.90106286083734
514,5.035578435014147,101.90609406742647
515,5.044924831891288,101.91113499940914
516,5.122933732830438,101.91633686255886
517,5.120936799963286,101.92149711067883
518,5.037950502408728,101.92681364490325
519,4.91285650542184,101.93201128404597
520,4.864340966724225,101.93718806303279
521,4.933503021487815,101.9422006026268
522,5.043075196627266,101.94741407685429
523,4.854503366889441,101.95249423834974
524,4.8282159842145775,101.95750029197548
525,4.800118932264906,101.96252772660642
526,4.815250567573861,101.96733586824517
527,4.738528623338633,101.97222500988805
528,4.580043202259263,101.97703671785158
529,4.542303184289862,101.9817649359323
530,4.659520290751922,101.98639765474083
531,4.4522781349747795,101.99126810257633
532,4.337424071346622,101.99588943038631
533,4.323402443248026,102.00033961709602
534,4.265426376152969,102.00481602183376
535,4.143086174610786,102.00913641859503
536,4.059316140462995,102.01326651922187
537,4.076123445466091,102.01728468708345
538,4.0762787475402815,102.02122911470455
539,4.155148126422895,102.02534375767658
540,4.219701619961364,102.02963123170007
541,4.071591989122479,102.03387177930989
542,4.114675435695145,102.03794711144667
543,4.164304620629013,102.04199635036964
544,4.126336476065677,102.04640567392799
545,4.240231225398398,102.05055084144767
546,4.157426567666052,102.05471661867567
547,4.238370264171615,102.05873616789177
548,4.307806002524026,102.06320148249252
549,4.258770327661139,102.06731864993928
550,4.138033594944449,102.07148646661835
551,4.062046144743064,102.07555208029085
552,3.9874781151087118,102.07964986134117
553,4.167768005521277,102.08373783070638
554,4.271448113210858,102.08798238940761
555,4.366508438513817,102.09233058171222
556,4.3802020516238676,102.09664031396606
557,4.3517332191686675,102.10137011539024
558,4.42426489143923,102.10584764912247
559,4.331612312234817,102.11041169532173
560,4.465628591320918,102.1146921269414
561,4.297218394067733,102.11913807939271
562,4.193747801511061,102.12360189020649
563,4.219703230211085,102.12754124817353
564,4.189754662100271,102.13189065171082
565,4.298025551371824,102.13606397642616
566,4.4182885651044765,102.14045939747724
567,4.187028926732695,102.14515855837132
568,4.090489226968771,102.1493453669445
569,3.9629630822291175,102.15313450930601
570,4.032566264137437,102.15701540472594
571,3.888208654008195,102.16111476805385
572,3.6591022588018887,102.16523986707296
573,3.544539388764408,102.16887204321958
574,3.613112876007399,102.17264409885604
575,3.770651849167972,102.17597113072222
576,3.589817032119112,102.17970005375585
577,3.504846656822115,102.1834070302394
578,3.524196599356828,102.18705412241367
579,3.6041841885527752,102.1903855568987
580,3.7967463085532756,102.19393572259021
581,3.82531782581071,102.19778299709219
582,3.8826741978173676,102.20153164055034
583,3.8925953947980374,102.20554751038486
584,4.025730462259924,102.20942351509674
585,3.9365912456774783,102.21322737311253
586,3.93094795122632,102.21720823219073
587,3.7107186885974635,102.22124637395096
588,3.7619978745995457,102.22481928252328
589,3.9002599665663125,102.22846000269797
590,3.9479918430912084,102.232275683339
591,3.8835729402616406,102.23645109093697
592,3.7329246872380635,102.24034540891878
593,3.8680628370795747,102.24382438542723
594,3.7518707872481114,102.24761952927476
595,3.721290863401155,102.2514993864043
596,3.5617912646319922,102.25517409272233
597,3.5838414370611127,102.25857420819702
598,3.7495512815088943,102.2620964478516
599,3.7660295453989447,102.26598756472397
600,3.920048055605631,102.27005802975741
601,3.815952030084688,102.27395814451003
602,3.803070046873305,102.27784019987624
603,3.8098750726145334,102.28162322066595
604,3.725280373294831,102.2854914259481
605,3.610101875076882,102.2891137687427
606,3.554856045271396,102.29290867000363
607,3.5169897100614724,102.29642178602188
608,3.4467820577927695,102.29983705751815
609,3.5639106310874697,102.30323641495944
610,3.349579971181819,102.30689741049704
611,3.346390210014566,102.31018210920267
612,3.2015127125948992,102.31372317885591
613,3.3060807522444704,102.31701381168287
614,3.230350594957512,102.32040684836356
615,3.212966210799143,102.32357517705383
616,3.329511702142091,102.32668342283436
617,3.151900227361237,102.32996690268448
618,3.263865350556857,102.3329373217274
619,3.311590815640287,102.3362460249463
620,3.2685737795521517,102.33964945973973
621,3.0183258778082145,102.34284538869626
622,3.210083137531402,102.34595383207667
623,3.1738484816360386,102.34920722408195
624,3.2471229458759376,102.35254397291719
625,3.2778617540197943,102.3560101670478
626,3.4908118337791074,102.35941310687933
627,3.3755366303446728,102.36291586678928
628,3.4891331986176803,102.36645485807033
629,3.67121842837386,102.37000042414265
630,3.542319216895417,102.37366745772748
631,3.5028058591932254,102.37709972421679
632,3.5315391587762774,102.3806292330758
633,3.6169471841189464,102.38437310962094
634,3.659588113639243,102.38793356298532
635,3.7437146309095253,102.39146205170218
636,3.722259034849481,102.39507438313935
637,3.767270070960691,102.39894776663766
638,3.642340430405359,102.402786140657
639,3.5487161387053123,102.40660949840331
640,3.525254516805715,102.41010154061989
641,3.469063299160692,102.41349680184184
642,3.5471843347006,102.41715513561809
643,3.3447986287468856,102.42062272016311
644,3.3993701095640065,102.42411994063238
645,3.4583042000964315,102.42742098047535
646,3.23745301577643,102.4309683207245
647,3.401896576000298,102.43424279626267
648,3.580565538940458,102.43754118015835
649,3.7093841061643107,102.44140316251438
650,3.670985350999258,102.4450478505133
651,3.6255492066015944,102.44863940461155
652,3.5585144867533223,102.45227029916579
653,3.5298494988481757,102.45563289635187
654,3.483988481351773,102.45924634081872
655,3.5109181134971266,102.46274083944314
656,3.5290151691304508,102.46648853148214
657,3.5957210908648465,102.47017529274989
658,3.5418998622835076,102.4737039079016
659,3.4325983526865222,102.47726041842627
660,3.582223302778379,102.48109540695255
661,3.4732778258448325,102.48468055600382
662,3.4647405080934854,102.48833160191988
663,3.4389484952545724,102.49178164765551
664,3.433154014373675,102.49514156763556
665,3.4102285194582835,102.49854778270851
666,3.389443698979008,102.50218849886467
667,3.3831543703607143,102.50539007965784
668,3.2863377389305977,102.50882028628418
669,3.2709271532329494,102.51224193092723
670,3.2626199064117913,102.51541267524233
671,3.081291632503814,102.5187133475724
672,3.2083834395722217,102.52183699169399
673,3.395178346046372,102.52489397212358
674,3.431692586518526,102.52811234916271
675,3.3754162054977317,102.53144354757228
676,3.3303384883625022,102.53478054951732
677,3.2107130062291227,102.53802602780716
678,3.3698609842998923,102.54133593307606
679,3.222891292255733,102.5446510387914
680,3.3036616881007053,102.5478098735029
681,3.254733796444296,102.55116617742087
682,3.3921426000875448,102.5545237403087
683,3.4760219083524757,102.55817772283514
684,3.5741932892698043,102.56183966174052
685,3.602302529600931,102.56561981619222
686,3.7646890691987176,102.56928141783116
687,3.596782534902009,102.57309773610923
688,3.4168122887615584,102.57672421535344
689,3.2711402340650455,102.58030863810419
690,3.231459571077698,102.58372440945713
691,3.1645647069084193,102.5870803661936
692,3.1132578280875016,102.59033603395339
693,3.2830205943566306,102.59355161900466
694,3.248431923287626,102.59718247810275
695,3.3439916760927613,102.60054040701615
696,3.3572677800135553,102.60401542857302
697,3.4686385617541724,102.60747096701228
698,3.4935809769801733,102.61090135649755
699,3.524179022920536,102.61442926031627
700,3.482351529826449,102.61790529954767
701,3.3608918531616587,102.62117747517385
702,3.1861177498810886,102.62444661413663
703,3.264207712391555,102.62786568885313
704,3.455571091790687,102.63123784227604
705,3.3855420769368907,102.63462338794245
706,3.3839743260625847,102.63809515338248
707,3.2736814473188907,102.64148632860615
708,3.2710107105350463,102.64494209345631
709,3.2260814706934444,102.64817573028144
710,3.1520791433064352,102.65140845806319
711,3.0340930714319647,102.65445624081107
712,3.1284839995992035,102.65747195825932
713,3.1923103209734784,102.66027224994481
714,3.3299265997798555,102.66349964381142
715,3.419414521626633,102.66696772295678
716,3.343686259604539,102.67061473660186
717,3.2777047626342757,102.67400150739344
718,3.29437565909043,102.67717728448243
719,3.1940630949934663,102.68033648142377
720,3.3271263989568034,102.68343408918703
721,3.2924881139138127,102.68650406997082
722,3.186367944955661,102.68971602183076
723,3.227709761594167,102.69272989152716
724,3.2856770668673416,102.69581346215219
725,3.3107582127255397,102.69897638497777
726,3.380849450359,102.70221923813787
727,3.384441015882145,102.7053274210555
728,3.527466428951781,102.70862217103047
729,3.631187112643052,102.71222261509006
730,3.5699237445051346,102.71599760998959
731,3.4842628652619445,102.71949852272644
732,3.486485168079365,102.72322254865523
733,3.481382415534527,102.7267651362556
734,3.4036735974265904,102.73024113086964
735,3.3102921968047707,102.73378975699366
736,3.273276656024432,102.73703030113525
737,3.1864777748153856,102.74017228926016
738,3.199240808165186,102.74350335213877
739,2.9740222090698123,102.74682032507778
740,3.090522972456897,102.74993225976701
741,3.0591648249762557,102.75310719507453
742,3.1082599426337234,102.75640937696437
743,2.8466178840694596,102.75935294999144
744,2.844992530956816,102.76214562381314
745,2.8173318459192465,102.76490182826404
746,2.817687146229495,102.76782559603234
747,2.8359067204286665,102.77067780152831
748,2.793507802304269,102.77370205713669
749,2.8354629880937825,102.77658411409061
750,2.566934432256078,102.77946233767146
751,2.601917664046484,102.7821332090891
752,2.622815983457051,102.78478925630627
753,2.7807026301533946,102.78747826026046
754,2.8124829907345816,102.79034006481638
755,2.5874190783546633,102.79326324376312
756,2.559529820370045,102.79607274826643
757,2.5238685865160573,102.798762057776
758,2.5233527147462573,102.80140367231701
759,2.485927793213349,102.80391511967179
760,2.5161177775754147,102.80665724331055
761,2.4536461155862113,102.80953242725754
762,2.6052306646683365,102.81192064112491
763,2.6163343265908225,102.81479019936202
764,2.8483506050874663,102.81758370391485
765,2.727294732482299,102.82062116205225
766,2.709844381151319,102.82364073654644
767,2.795274490367577,102.82650538092705
768,2.6628850677401115,102.82951026778444
769,2.7897300331296306,102.83226411316575
770,2.8293015327963795,102.83535213351828
771,2.849546066122605,102.8382995046447
772,2.985095827443278,102.84124093731762
773,2.9595291328322135,102.84449381843615
774,2.9086869371267854,102.8475682109455
775,2.8897983022654965,102.85075576004799
776,2.8976413383970736,102.85409756336351
777,2.7900409055839854,102.85722733880095
778,2.826639003537211,102.86004228960351
779,2.8014457648157816,102.86301996576408
780,2.807346293702668,102.8661250265869
781,2.8027382748777283,102.86910608036304
782,2.9026918559194104,102.87215362012496
783,2.9355028453720506,102.8751267790155
784,2.9909809410306702,102.87820496901209
785,2.997176903877873,102.88149222397467
786,3.0807550118259397,102.88490549398878
787,3.286825185410329,102.88814815995704
788,3.4175658280786485,102.89165256215377
789,3.34805853196959,102.89541714715494
790,3.4718201755091687,102.898952555609
791,3.5324570305547933,102.90267304809393
792,3.52963722198269,102.90625633862453
793,3.6117906704646625,102.9098981749198
794,3.6723075854963745,102.91355698857254
795,3.673968148164567,102.91715028698063
796,3.624739673962489,102.92080096642309
797,3.553425599072504,102.92457023669498
798,3.644072471178532,102.92830614661959
799,3.6912604484225167,102.9321902606117
800,3.676167512195952,102.9361143634298
801,3.676160041527677,102.93992707134757
802,3.618740336314472,102.94350799876206
803,3.502448221591515,102.94708908181327
804,3.6407064838690784,102.9508486780787
805,3.6451596394334893,102.95450938119347
806,3.4598475575165035,102.95830567671898
807,3.544251269586078,102.96195464322606
808,3.5644510748917444,102.96549694966328
809,3.6276379237729257,102.96924562392716
810,3.756029918500011,102.9732033787826
811,3.7423878834115136,102.9770987347936
812,3.7551341160455953,102.98094123483544
813,3.6082391772077984,102.98466650768731
814,3.5532274558370576,102.98836064445307
815,3.653750294061779,102.99208954798573
816,3.647750879514938,102.99583545229316
817,3.6033584537508143,102.99952836059556
818,3.6408225712017743,103.00335182304673
819,3.545924430429267,103.00705798462474
820,3.4846438794848353,103.01065267114038
821,3.5626823438602697,103.01422842622011
822,3.403648305110382,103.01802401712555
823,3.3505076725482987,103.02150687695568
824,3.3478624095085032,103.02481122330468
825,3.3868873311272414,103.02824443283377
826,3.286355766744622,103.0315612998826
827,3.3322669069144073,103.03489612156444
828,3.3005585825981143,103.03794996293209
829,3.4157961773057974,103.04124258933821
830,3.4706550102756886,103.04465422349105
831,3.421160493330733,103.04796586849524
832,3.5044783347537476,103.05121123542735
833,3.4976066919582767,103.05470915339625
834,3.5163907958837566,103.05807323754979
835,3.4126906945376803,103.06120783504817
836,3.294166218609583,103.06445228764285
837,3.115866284300868,103.06755212793199
838,3.0499802466587105,103.07062756661483
839,3.0282769419845237,103.07352202490911
840,2.966645617598413,103.07659942490355
841,2.9780056681516633,103.0794842028929
842,2.9725597239906163,103.08265601826254
843,2.980442292728305,103.08577061732872
844,3.1036833440144536,103.08885157623124
845,3.257728969917055,103.09211213007339
846,3.123487842719619,103.09558836874767
847,3.018984227514883,103.0988673738532
848,3.052608346352339,103.10212844140233
849,3.0040257301321525,103.1051499234391
850,2.8637711942301847,103.10830067200867
851,2.909437895413499,103.11129232953483
852,2.8272929543934855,103.1145506643759
853,2.902111013106701,103.11751985922162
854,3.0051517181436544,103.12054785686156
855,3.1397442923509833,103.1238387352853
856,3.0625110209958786,103.1269991565705
857,3.077230023061718,103.13025916854696
858,3.176654021952663,103.13329382730569
859,2.971436429083299,103.13659821086355
860,2.8622588542014036,103.13966822678698
861,2.9447243088848634,103.14288719807313
862,3.102556590267738,103.1459549986775
863,2.8492931356063522,103.14905039640423
864,2.736039892507585,103.15198024532428
865,2.724349180144232,103.15499808435129
866,2.7130544383767825,103.1575348950455
867,2.9173589827064785,103.16044652678457
868,3.0215390383930636,103.16348301144137
869,3.065053665649224,103.16655370651587
870,2.917509219139311,103.1696308608389
871,2.9347105553381594,103.1727823171461
872,3.025568999134213,103.17586831300189
873,2.897506621455144,103.17879739586772
874,2.8563759992733617,103.18175275818572
875,2.8574986364744914,103.18482697228647
876,2.7919683326182225,103.18776407997767
877,2.8578406411397936,103.19055162650528
878,2.9201279902175092,103.19321134219419
879,2.856968160941818,103.1964022554225
880,2.7521787483954196,103.19932611336999
881,2.7601568741444873,103.20228406590032
882,2.792603075274981,103.20507056790552
883,2.978207044718801,103.20787890769935
884,2.965411274809201,103.21077300576451
885,2.9316331209288635,103.21383751456551
886,2.8610251920245595,103.21691252991732
887,2.882095594571516,103.21987054795949
888,2.877972398111452,103.22304567575436
889,2.9512611011104495,103.22593591842946
890,2.952213405783647,103.2287451802629
891,2.9299186779142024,103.23163269688446
892,2.82948271420723,103.23455599871379
893,2.852856362898569,103.23723388849471
894,2.819936882005318,103.2399642029561
895,2.8755755117548154,103.24270526387627
896,2.7223061108381423,103.2455417878326
897,2.7428238143869117,103.24821072830542
898,2.8091874523815994,103.25090125251998
899,2.8076676471699598,103.25370139075575
900,2.888827974381782,103.25653865234138
901,2.9085252958061774,103.25926510180463
902,2.8102106450755437,103.26185852500628
903,2.669678259770472,103.26446479598768
904,2.762717913985592,103.26712381266779
905,2.6898694063247146,103.26977399743839
906,2.6732322605999763,103.27246699776319
907,2.6177485003128913,103.2751603650845
908,2.7228504807201146,103.27780971149036
909,2.497091585130473,103.28059263003136
910,2.597665100108003,103.28323908964313
911,2.5376679036055707,103.2858102299585
912,2.7282796721152707,103.2881731424119
913,2.817247248638452,103.29092411825212
914,2.7405269420778393,103.2938386683442
915,2.8627273141753244,103.29627931891652
916,2.78641355301851,103.29907443861272
917,2.845752418283665,103.30192117529292
918,2.8884493740596295,103.30480235541545
919,3.1135622261813176,103.30782060704807
920,3.0179980875236736,103.3110079163822
921,2.7929779880142664,103.31424705739597
922,2.679217039655128,103.31713122059372
923,2.659153957735193,103.31963686572887
924,2.564223098692079,103.32245332082496
925,2.435200848671477,103.32516648163754
926,2.4027652335085525,103.32763656643104
927,2.4796722824959576,103.32989112861821
928,2.206504882329178,103.3325744296417
929,2.218905581465463,103.33473747947694
930,2.2383822231768646,103.33699198137492
931,2.3179588862233955,103.33924070602177
932,2.201761286666264,103.34145959554169
933,2.382711431759915,103.34375630645772
934,2.414014513503308,103.34629454527992
935,2.471228858981857,103.34889373409932
936,2.43021385854219,103.35151393919297
937,2.5490384962936816,103.3540331910652
938,2.8250144019405163,103.35692642785527
939,2.8047056734756666,103.35993341300197
940,2.8308900321656183,103.36279582102868
941,2.910690734243907,103.3658813103873
942,3.070052669733046,103.36903989861892
943,3.1931572871453655,103.37241349889818
944,3.2584333332910025,103.37583744389772
945,3.325668276212777,103.37927734657575
946,3.413166799860887,103.38269024671045
947,3.5225891265039535,103.38628537449794
948,3.6209191874815683,103.38985016256477
949,3.574303282718137,103.39368707452506
950,3.8398492643058937,103.39723664990832
951,3.8627023248970254,103.40112517644508
952,3.9185193163493786,103.4051348817915
953,4.00593159662901,103.40909255482211
954,4.057391099453889,103.4131799195948
955,4.148078610199234,103.41735794963547
956,4.082983940567918,103.42162430997381
957,4.09598862877219,103.42593127068216
958,4.097303823045433,103.43018048737972
959,4.196140189618546,103.43446566084924
960,4.17987455541757,103.4385532745752
961,4.204354636728367,103.44291958668343
962,4.25483903661305,103.44753585796911
963,4.403972051185511,103.4520745603576
964,4.148881370199933,103.45678081658224
965,4.1835256488035615,103.46100670313668
966,4.145183628672265,103.46534494177396
967,3.9700875923414025,103.46968937212537
968,3.8651583170657395,103.47383134631795
969,3.7619765810032724,103.4778917627577
970,3.703844070335342,103.48162262160018
971,3.6088970517874417,103.48533925343172
972,3.5962199176261196,103.48888635697303
973,3.6756457348219103,103.49261955243661
974,3.687717708819408,103.49638426362726
975,3.6157438438077665,103.50017737688857
976,3.624406405402592,103.503807299865
977,3.670793662491757,103.50739951764336
978,3.7865618856588203,103.51118033145978
979,3.714127845416136,103.51521443541421
980,3.897322506675742,103.5191980114613
981,3.927152894794666,103.52338651984448
982,3.930156463267992,103.52735663406087
983,3.835941966552646,103.53119965643378
984,3.7069900430150904,103.5352223162355
985,3.577182812408102,103.5391844084705
986,3.7582187458694807,103.5429130698926
987,3.8989563713706743,103.5467901111501
988,3.9471302763709937,103.55069907667175
989,3.838682383459942,103.5548285237603
990,3.8297798060054844,103.55883594661933
991,3.6787640229122456,103.56278602481433
992,3.6007838944297297,103.56642516068467
993,3.431043070782208,103.5700379495434
994,3.3954213548184473,103.57363738712586
995,3.382241987252919,103.57737824424295
996,3.337403605780542,103.58108116728867
997,3.2490424708317263,103.58457336155075
998,3.2214160615491347,103.58780478518723
999,3.302145877148282,103.59141515464435
1000,3.4561722244579296,103.59509542435241
1001,3.399169093921344,103.59880713801238
1002,3.4638654513969405,103.60238090193104
1003,3.5255931522952633,103.60601343121911
1004,3.579070089480348,103.60985549550281
1005,3.680900540570457,103.61371503310411
1006,3.696933922857227,103.61755124393251
1007,3.7285641160813947,103.62174973077595
1008,3.776286784691326,103.62551104544619
1009,3.964167881245296,103.62942770145301
1010,3.8101916708374377,103.63355762393407
1011,3.836494708239426,103.63762188387872
1012,3.8111487680847462,103.64180943138977
1013,3.7211236576075097,103.64596566399204
1014,3.781794451377504,103.64991988817265
1015,3.734155194070933,103.65370185030574
1016,3.6967135176890915,103.65770149353521
1017,3.7117952430477548,103.66136489929632
1018,3.782425450560458,103.66514152519396
1019,3.6681444395541276,103.66902763953154
1020,3.674736513788732,103.6726931061075
1021,3.802600452825448,103.67638070429925
1022,3.827770922410501,103.68043264886984
1023,3.83351734653051,103.68459284613589
1024,3.8135284250838306,103.68857157642569
1025,3.591058553091956,103.6923240346983
1026,3.405993505108639,103.69605680850103
1027,3.490403085276703,103.69946312960104
1028,3.6845906103097605,103.70303931602692
1029,3.839051113843897,103.70681400510163
1030,3.997386885058482,103.71047090636664
1031,3.954129058713774,103.71451660164882
1032,3.944439525402929,103.71868137071095
1033,3.8207890413483137,103.7227503309963
1034,3.698289569291254,103.7265486606309
1035,3.7812911886493024,103.73046102093741
1036,3.687707155691178,103.73414533092588
1037,3.633756260894324,103.73798006628336
1038,3.5963069311746834,103.74168535377456
1039,3.691870003307206,103.74546336649861
1040,3.690720471600148,103.74927613949254
1041,3.6398556810439424,103.75319745520412
1042,3.6582871027207795,103.75715339369023
1043,3.7587127643412446,103.76106722688073
1044,3.7096981172357824,103.76509977680217
1045,3.6223895316845347,103.76906994385479
1046,3.5104798235258317,103.77262933312437
1047,3.7086451535628497,103.77628240132218
1048,3.634540314979138,103.78015185429163
1049,3.64264786560106,103.78399606697798
1050,3.449667771841105,103.7877413241914
1051,3.689213556015387,103.7914027911596
1052,3.613326216746806,103.7950641500424
1053,3.6818534061746893,103.79902669348067
1054,3.67460948570053,103.80287955374597
1055,3.590869201468512,103.80659870626103
1056,3.674628279411132,103.81048941330285
1057,3.6026440709347236,103.81418535357776
1058,3.7014005071810634,103.81795532343787
1059,3.9667595251795262,103.82185093671215
1060,4.050154557431437,103.82595520606785
1061,3.9666291511521874,103.83019316581088
1062,3.9468035945056963,103.8343622050939
1063,3.7709763287193407,103.83839893897022
1064,3.5499633481553468,103.84241230499477
1065,3.4268642972533545,103.84618751105265
1066,3.4637860416102626,103.85006581747164
1067,3.522153766125772,103.85391796520346
1068,3.5476612208729907,103.85751210716157
1069,3.5981670192223096,103.86121998176718
1070,3.611995302837438,103.8649441400135
1071,3.6954156549502026,103.86873387774992
1072,3.729440316794594,103.87274642925081
1073,3.6542666506841015,103.87663748567402
1074,3.734791756029794,103.88039165014229
1075,3.6276337506358827,103.884330491423
1076,3.5054477601428666,103.88780532510019
1077,3.70304426823278,103.8913626599821
1078,3.6163511740040715,103.8953894604784
1079,3.7267637332945975,103.89940540765019
1080,3.804450717669438,103.9035026825628
1081,3.6827499409350826,103.90738588547214
1082,3.9460041319917862,103.91114362797444
1083,3.9188505119475807,103.91526330094331
1084,3.8863587717307713,103.91942774480584
1085,3.8487509719107518,103.92345882130452
1086,3.8806464738853195,103.92732636567511
1087,3.827673433110232,103.93155114812052
1088,3.6972706834816127,103.93565950769651
1089,3.754841669765876,103.93941518037511
1090,3.637752277009889,103.94341757453549
1091,3.5031566027156877,103.94732094698077
1092,3.4079910263612807,103.95063726967402
1093,3.651058240229805,103.95424863681467
1094,3.6092712537878113,103.95804268807196
1095,3.7450197516665216,103.9614791223657
1096,3.7437254067065218,103.96549811103762
1097,3.754213613967624,103.96942612172842
1098,3.7616898423767746,103.97318719038287
1099,3.709331591004244,103.97722487176952
1100,3.7222025302620363,103.98120169716833
1101,3.794418059535614,103.985266291288
1102,3.80343224408132,103.9891076185506
1103,3.749293804145335,103.99317942457536
1104,3.8461745321162844,103.99711442940166
1105,3.6651004696811307,104.0012619837204
1106,3.7197823379727546,104.00498482633236
1107,3.7599123062081388,104.00885184267553
1108,3.7957529085673647,104.0130637062043
1109,3.9320417253705893,104.01723815905763
1110,3.991108343508459,104.02155998305305
1111,3.7350616208475436,104.02602490035784
1112,3.806597609662111,104.02982188661869
1113,3.81887473100698,104.03391438145013
1114,3.8428988777907174,104.0380219336052
1115,3.869869183415204,104.04206113781251
1116,3.8635171502726733,104.04593501423948
1117,3.768105989601599,104.05015694003288
1118,3.725500422552652,104.05427032158879
1119,3.8127124575234834,104.05816343141487
1120,3.828620289021332,104.06234245078319
1121,3.852549537991094,104.06641357292438
1122,3.933621297878214,104.07058420784817
1123,3.904247231077973,104.07463410822609
1124,4.019789865251727,104.07878033658136
1125,4.046859553031801,104.08303963281602
1126,3.933518313246096,104.08725778124317
1127,3.8675877107421393,104.09103150978945
1128,3.835194044285805,104.09515173762426
1129,3.8495439882434064,104.09924109958114
1130,3.7332862837429173,104.1031816612336
1131,3.9183749906549687,104.10714146471369
1132,3.9998303943370503,104.11122826080447
1133,4.023670147083423,104.11541584424725
1134,4.021809791991376,104.11950964509984
1135,4.093639313435511,104.1234666858634
1136,3.915720170618733,104.12749766069095
1137,3.9551191936754213,104.13168667763887
1138,3.819219277858009,104.13568551458864
1139,3.8997813834827193,104.13958133228263
1140,3.8239499019024,104.14377093344974
1141,3.8282147921661958,104.14749345255856
1142,4.006722952686344,104.15133337019273
1143,4.12572164523299,104.15560773558366
1144,4.016636067182529,104.1598624080714
1145,4.005297421680743,104.16372163284048
1146,3.9984481730542165,104.16777514020103
1147,3.9889456050507626,104.17192286394653
1148,4.137591107608572,104.17590878525405
1149,4.107138238537722,104.17999620012287
1150,4.311769710102079,104.18404872606405
1151,4.2563980768414735,104.18867188536875
1152,4.276074705045674,104.19326696284945
1153,4.288002842604463,104.19786900655501
1154,4.3333913340276435,104.20255057329987
1155,4.429572838643325,104.20726863407447
1156,4.542183192488899,104.21173926324133
1157,4.54526495778019,104.21665562961186
1158,4.5273865224280865,104.22145702999448
1159,4.548022775731802,104.22650875324014
1160,4.68048527288618,104.23170772934063
1161,4.548386085212296,104.23654057246031
1162,4.489857897246511,104.241191771808
1163,4.655714024457247,104.24576495140434
1164,4.434529730169697,104.25056682073073
1165,4.513978454228112,104.2551229412776
1166,4.6501463019422395,104.26005483200109
1167,4.729030633633846,104.26478723543164
1168,4.660568620960267,104.26959822987328
1169,4.756941200984056,104.27444591783699
1170,4.799622523332393,104.27927503410997
1171,4.826980197947604,104.2840293782669
1172,4.703310478240746,104.28898356125981
1173,4.689728198555033,104.2940857508773
1174,4.69438952959412,104.29898794215077
1175,4.925996120039676,104.30369608474906
1176,4.789826110301025,104.30875837086508
1177,4.791502142211265,104.31392526857502
1178,4.811000878775192,104.31878026436003
1179,4.781775126954009,104.32352614925217
1180,4.779343932624305,104.32838416591734
1181,4.606913276709092,104.33333250801611
1182,4.6203593870981905,104.33804344225575
1183,4.514728467195537,104.34293354254042
1184,4.492782839496354,104.3475223247459
1185,4.44046475490754,104.35179304272532
1186,4.566408676758299,104.35638181293793
1187,4.3153958776390136,104.36106276446644
1188,4.0917070599292265,104.36547207797574
1189,4.002791426565385,104.36950969266366
1190,4.105294428990024,104.37384751252361
1191,4.110475007186461,104.37789187508378
1192,4.088808072932623,104.3820005659158
1193,4.217238371162018,104.3862139491104
1194,4.146020022163938,104.39075903558482
1195,4.102616518228951,104.39525671726278
1196,4.166269906692707,104.39966500700342
1197,4.21798301146201,104.40422205119029
1198,4.133021405646958,104.40851011771983
1199,4.056884211753219,104.41263090236043
1200,3.9788783875239764,104.41688304353112
1201,3.861827668215533,104.42118718820272
1202,3.8151253856685234,104.42533645934964
1203,3.599793479438648,104.42919210208954
1204,3.572286651722508,104.4328206235902
1205,3.5673036907858533,104.43669814711187
1206,3.577799400266577,104.44042617984536
1207,3.6728557315645385,104.44385352883477
1208,3.6400353655669133,104.44748731951108
1209,3.5519805266780664,104.4512768755416
1210,3.5099750651545714,104.45481972755337
1211,3.3957354021746307,104.4583535827562
1212,3.433560782683259,104.46179632944973
1213,3.5248113472221934,104.46550298746519
1214,3.607462891455092,104.46918446970245
1215,3.757834050200445,104.47315391966985
1216,3.5839467258262903,104.47693733078317
1217,3.5208730885026918,104.48053601452271
1218,3.7746756193433204,104.48409877880792
1219,3.8474614764203294,104.48775077753885
1220,3.8548041269285758,104.49133105909588
1221,3.8183587479925976,104.495128036817
1222,3.9148013033229216,104.49884341701664
1223,3.8664334745560938,104.50278349938145
1224,3.790841767189594,104.50662905861226
1225,3.8117521546967756,104.5105590676442
1226,3.784753151449751,104.51438721087915
1227,3.6859049354462847,104.51804130745697
1228,3.611001732848253,104.52174555655489
1229,3.6906901074579945,104.52528419091756
1230,3.8628518630751048,104.52933294637299
1231,3.9080649567858146,104.5333345491341
1232,3.8522286442117015,104.53745247670979
1233,3.8279898640469443,104.54138586999929
1234,3.7408129090287057,104.5455193531436
1235,3.5949947912200626,104.5491650852998
1236,3.599142756755198,104.55273339341134
1237,3.5913787653792997,104.5565386808034
1238,3.694962224019941,104.56012873707151
1239,3.7583407977333634,104.5638168673271
1240,3.562407003739987,104.56761584950448
1241,3.7341282713634505,104.57157942529234
1242,3.7172681700936128,104.57577154587945
1243,3.6683497100984717,104.57970531905144
1244,3.6521921744438,104.583604607964
1245,3.6536956174927697,104.58754810524887
1246,3.520421383200642,104.59146845816939
1247,3.5820483539284735,104.59522061512709
1248,3.5278487428822896,104.59894234376678
1249,3.4055671516690396,104.60253696019016
1250,3.5126897672912833,104.60614542666448
1251,3.3922966781691395,104.60977954640504
1252,3.4444161445565222,104.61348990719657
1253,3.3966504353628717,104.61707020924966
1254,3.5104777359089954,104.62049216129456
1255,3.5568029202287375,104.62397165100123
1256,3.6464394658288235,104.62757147918286
1257,3.4246574788188497,104.63116221757636
1258,3.38027573897794,104.63488127351701
1259,3.353393974741974,104.63834802875226
1260,3.3800882586800602,104.64178818433534
1261,3.512436003859876,104.64540537531128
1262,3.3712989847374053,104.64937865292636
1263,3.396797935273015,104.65289400313783
1264,3.301146116536085,104.65636230107084
1265,3.2766102003765742,104.6598124210537
1266,3.150630399417353,104.66304191231636
1267,3.430483717268776,104.66644497161036
1268,3.5118708036661825,104.67012541269773
1269,3.487324829912817,104.67377480064444
1270,3.411385293459052,104.67732498375909
1271,3.51727765283997,104.68126968100495
1272,3.489330090167199,104.68488766493131
1273,3.5298645946228606,104.6885723073039
1274,3.5724439414535945,104.69238583582211
1275,3.546256751817888,104.6963563449115
1276,3.614292288721451,104.70014500182211
1277,3.557726688693256,104.70402521058956
1278,3.4591821373181397,104.7079015353057
1279,3.534961650811646,104.71205314744584
1280,3.639920397534128,104.71579289260042
1281,3.513814243985496,104.71964033723708
1282,3.751881702777779,104.72343464168783
1283,3.658477526039695,104.72751810397686
1284,3.720228394259405,104.73168958160606
1285,3.958330092304291,104.73560118447824
1286,3.832845300045771,104.73984951385134
1287,3.6944521384746136,104.74361634198621
1288,3.831109994053834,104.74749301672269
1289,3.9874346488276173,104.75150213957053
1290,3.8319427699206337,104.75586302649062
1291,3.756091862163709,104.75987907671696
1292,3.6996285257377663,104.76372445418619
1293,3.649270535568109,104.76768594883121
1294,3.6722730834716146,104.77134746680996
1295,3.672407074564438,104.77507424639447
1296,3.5190643040751133,104.77892128479084
1297,3.632338934374018,104.78230922625892
1298,3.4913925803402104,104.78605439056186
1299,3.566925685900001,104.7898765486718
1300,3.30598516846257,104.79333180229003
1301,3.1867130335019014,104.7966135084191
1302,3.080082166136081,104.79994299617584
1303,3.291678277165174,104.80314032071878
1304,3.219574025126258,104.80648323436546
1305,3.2514414423414286,104.80974416279697
1306,3.3426350682392103,104.8132774917762
1307,3.3960217142686564,104.81665731896389
1308,3.3170721011388924,104.81990823003395
1309,3.274009868750344,104.82327162640549
1310,3.321921112180279,104.82649023744035
1311,3.317348798913948,104.82972004507835
1312,3.442611168818496,104.83276116199671
1313,3.1938804005259027,104.83618495529304
1314,3.295091930395743,104.83941688431253
1315,3.3144374815311175,104.84279725834992
1316,3.4829444223407617,104.84612457780933
1317,3.7112063769424575,104.84968746240929
1318,3.6875175159644455,104.85341110887171
1319,3.7367957660029982,104.85732487319282
1320,3.6725419322275212,104.86097277553678
1321,3.7638786884181723,104.86467792914007
1322,3.85200855174928,104.86842560032507
1323,3.8070925681569237,104.87234680261207
1324,3.890646546032203,104.87641238499873
1325,3.8553872371085887,104.88020192765639
1326,3.762249693241146,104.88415970253301
1327,3.7873856663324386,104.88805434826972
1328,3.8241608223033428,104.89182179594495
1329,3.8732518184193165,104.89569137327123
1330,3.7616627886441036,104.89952283093119
1331,3.733562156633548,104.90339331481053
1332,3.557589334532884,104.90716093575207
1333,3.577244240775702,104.91093540925756
1334,3.5661548947109716,104.9144636797733
1335,3.413067992119717,104.91807154589758
1336,3.2568756129242056,104.92150882967005
1337,3.330341058791878,104.92506279123732
1338,3.4523410793944196,104.92846578943868
1339,3.3583226470815637,104.93196319691353
1340,3.343018276095665,104.93544869789068
1341,3.190714525448664,104.93890731100483
1342,3.2784560076999654,104.94221026353745
1343,3.422486565280599,104.94557906408858
1344,3.3146446517012054,104.9492229069938
1345,3.1616936153426742,104.95256498266883
1346,3.1512890337710084,104.9559638738075
1347,3.1804837734684197,104.9593420708767
1348,3.0811020587982885,104.96296370092476
1349,2.9713587132065706,104.96630686706169
1350,3.089553769028445,104.96954333765704
1351,2.9549490061946004,104.97311330407626
1352,2.8163617880653145,104.97632561508486
1353,2.807368009461283,104.97931943790418
1354,2.9887458928488115,104.98218084532266
1355,2.9617969136868814,104.98554530886635
1356,2.8411646876285235,104.9886069917636
1357,2.892249620552378,104.99153290707916
1358,3.0012135464749354,104.99449862270963
1359,3.1366340097007623,104.99761182972603
1360,3.181632049611912,105.0009579608897
1361,3.2431887367627508,105.00430232833129
1362,3.3150960924037554,105.00780297998963
1363,3.3278801620112226,105.01118996293185
1364,3.5011051914584876,105.01457117935871
1365,3.512319878661943,105.018291589109
1366,3.4940427417669406,105.02186603418038
1367,3.5668229096593516,105.02537843409941
1368,3.5678981914121293,105.02891469952218
1369,3.7633661578119555,105.03268202503405
1370,3.9658337787463593,105.03668351464411
1371,3.87488485247302,105.04091394357603
1372,3.9733159436801664,105.04518024065317
1373,3.984643371785785,105.04944995463384
1374,4.022343711966188,105.05369992299069
1375,4.155791954661765,105.05812127755755
1376,4.139019764335501,105.06263245850495
1377,4.047860982840487,105.06691102371164
1378,4.0015487301357435,105.07131276589712
1379,4.010656381070103,105.07579197816142
1380,3.834537740718271,105.08028699421918
1381,3.817071818419592,105.08452840666685
1382,3.8290951724583664,105.08870232109602
1383,3.923417308069867,105.09279528184396
1384,3.880597938290534,105.09713094257391
1385,3.9042135480510174,105.10104923680477
1386,3.921949874462277,105.10528795421966
1387,4.003429335321444,105.10940010994162
1388,4.106305621571668,105.11349387658835
1389,4.044225747470294,105.11763296531505
1390,4.135708440712877,105.12164809279469
1391,4.234055297192245,105.12603436834095
1392,4.215694231543939,105.13068677427503
1393,4.3110227030520045,105.1350432425068
1394,4.3197059969975795,105.13943972448452
1395,4.400959177061887,105.1441299084101
1396,4.449641552903227,105.14871315365666
1397,4.40752122074993,105.15354964436514
1398,4.330462933215431,105.15806512217385
1399,4.466463949470334,105.16270856195756
1400,4.440319567580414,105.16766299642838
1401,4.219653134807355,105.17217551848155
1402,4.142126308217291,105.17658406801806
1403,4.2575871265371665,105.18089673463133
1404,4.409400555269454,105.18547155759353
1405,4.53318906889303,105.1902606338643
1406,4.477678916468982,105.1949102042795
1407,4.469589472926941,105.19993944440976
1408,4.5041955475033,105.20464655494398
1409,4.552733280651406,105.20932546470232
1410,4.3645477880456856,105.21431707818502
1411,4.274856497228533,105.21895438844705
1412,4.2784903249340065,105.22341727111902
1413,4.246448715908327,105.22792024990943
1414,4.192843989955148,105.23269269229984
1415,4.227050158810331,105.23703347720401
1416,4.1906055114546605,105.24172230426119
1417,3.995966993608693,105.24609107185827
1418,4.096528043903995,105.25033541424943
1419,4.095791326435546,105.2547770769433
1420,4.147268314531315,105.25930868016346
1421,4.028557792635901,105.26360979002807
1422,3.934455323913918,105.26791757030523
1423,3.7830174033236053,105.27232106729215
1424,3.845321059788653,105.27656868920666
1425,3.8341709317336905,105.28073940164846
1426,3.9516016114318395,105.28477881464549
1427,3.900852508455872,105.28909319810057
1428,3.8239082573337426,105.2934510826382
1429,3.7375966665823173,105.2976595157775
1430,3.844951355192271,105.30194763842596
1431,4.088405197243897,105.3061397357721
1432,4.048078775160491,105.31043432017866
1433,4.110570467587328,105.31474921478075
1434,4.064274879392327,105.3191792359862
1435,4.017335476138266,105.3234197748837
1436,3.89651825390386,105.32763885516124
1437,3.9224151493833497,105.33192086741433
1438,3.8498765545023375,105.33598260052219
1439,3.734475735053501,105.33981982068258
1440,3.852941335721811,105.34378708663874
1441,3.9424132589416416,105.3478908094604
1442,4.041352985691247,105.3518518797954
1443,4.068232644712573,105.35615935945953
1444,3.964777474604185,105.36021881113068
1445,3.984813504007251,105.3642648152005
1446,3.99202036159668,105.36827992712088
1447,3.895514990035032,105.37239741313248
1448,4.091537340215915,105.3766107350252
1449,4.098647399691193,105.38103027294501
1450,4.108607763728687,105.38530305194452
1451,4.129448439029209,105.38969998316668
1452,4.18281512118345,105.39413375787187
1453,4.169505863833297,105.39871136329533
1454,4.3007743579152535,105.40319165699417
1455,4.453562904987431,105.40784802865639
1456,4.263505678744741,105.41261435862094
1457,4.232489439110509,105.41705847027305
1458,4.3533142834659575,105.42165651489422
1459,4.420571470833959,105.42651764470901
1460,4.338181399329302,105.43149826171474
1461,4.277334782561587,105.435886717456
1462,4.448946457989535,105.44065195414086
1463,4.292928023107405,105.44542259595536
1464,4.317501410147566,105.4501171388518
1465,4.29831724394485,105.45461132072612
1466,4.263387342489666,105.45922880354473
1467,4.2207299160999465,105.46364888109034
1468,4.283671766289111,105.4681379076689
1469,4.3619440800950295,105.47279004435377
1470,4.396593913293003,105.47746317605016
1471,4.478051790331135,105.48235001605465
1472,4.450192114372127,105.48697671445026
1473,4.573150213532546,105.49155744373417
1474,4.657414251388355,105.49656619152108
1475,4.567695657079925,105.50119527633701
1476,4.609357530210548,105.50597959843665
1477,4.709131447768746,105.51084764711513
1478,4.69504055355837,105.5155085390929
1479,4.575574077376462,105.52027738341954
1480,4.366462455060021,105.52487587557958
1481,4.437661162878722,105.52959137131784
1482,4.3175037320621605,105.53419953549638
1483,4.229434360860863,105.53874586862311
1484,4.128294147778169,105.54302274491461
1485,4.020567463482463,105.54730647917712
1486,3.9792466663533657,105.55149813872909
1487,3.9849069169843365,105.55569783945177
1488,3.91014972623059,105.55991385470593
1489,3.841538260882534,105.56424674544704
1490,3.81405013591558,105.56841275435195
1491,3.7696361468342516,105.57222796259994
1492,3.808526192247963,105.576347698165
1493,3.8403736394960437,105.58048962548563
1494,3.715317704607788,105.58454150704351
1495,3.80848863834419,105.58855491221368
1496,3.680244941640744,105.59268810501672
1497,3.6909404815146902,105.59643639548658
1498,3.6552718630169734,105.6001114382074
1499,3.8212668177212215,105.60395722140929
1500,3.7574167306797284,105.60781946384611
1501,3.7551417676646652,105.61172904556032
1502,3.738191817274883,105.61545416313392
1503,3.7981692028008025,105.61941583398438
1504,3.8982052638733102,105.62325288393458
1505,3.9143799754094166,105.62728058572947
1506,4.133835375706824,105.63131454686923
1507,4.082714601976673,105.63544619619783
1508,4.203800786739816,105.6398003098977
1509,4.230960491523111,105.64431358953173
1510,4.235819335798316,105.6487247282559
1511,4.0983351466616424,105.6530653008702
1512,4.148252736243918,105.65733370671803
1513,4.114992223691211,105.6616351147542
1514,4.109891415060001,105.66598977767606
1515,4.097483990419882,105.67024781032605
1516,4.1294752620715665,105.67437198182239
1517,4.250489560486949,105.67880925292731
1518,4.216654282153847,105.68318177066278
1519,4.199524140763551,105.68784139071865
1520,4.216580229457577,105.69223595933855
1521,4.092853824257226,105.69653324754012
1522,3.9877203443383205,105.70068792866262
1523,4.014096855579946,105.70465444164988
1524,3.934886506882075,105.70868729961589
1525,3.996907249581733,105.71268503350274
1526,3.951882181860977,105.71656897851409
1527,3.887333417760956,105.72045692822057
1528,3.9982401648352943,105.72455427395185
1529,3.925414976724492,105.72873495146209
1530,3.888115777199492,105.73251216586837
1531,3.8161293608195526,105.73655187693566
1532,3.8124218782051975,105.7405793297564
1533,3.868154176909538,105.74453941546379
1534,3.8539637487090688,105.74833775330688
1535,3.8220207961750607,105.75213599645127
1536,3.8026506879559645,105.7561292668832
1537,3.8451561380298775,105.7603340074276
1538,3.8774286722340374,105.7642869381663
1539,3.918309890473294,105.76838288575868
1540,3.9155486365631385,105.7723366945775
1541,3.870633688611524,105.77664299957536
1542,3.849631313036336,105.78067878907027
1543,3.7848951937239796,105.78455209643253
1544,3.8084667408215007,105.78841776570546
1545,3.766517941653934,105.79229657627634
1546,3.7437324348923426,105.79630271092812
1547,3.877838174059148,105.80017085791431
1548,3.8561309446155425,105.80416055340072
1549,3.6916500752622654,105.8084314651056
1550,3.8448329045657004,105.81221144263353
1551,3.8418182066762956,105.81626742834707
1552,3.7982454286328795,105.82022126205761
1553,3.7558619826207176,105.82414333860412
1554,3.719864888672556,105.82810457305101
1555,3.8042199279102875,105.83164426687748
1556,3.734903466116536,105.83555294317785
1557,3.6582867375206742,105.83930899068025
1558,3.627591419993543,105.8430451422993
1559,3.45696639426293,105.84672716996195
1560,3.4035195648601446,105.85025785559598
1561,3.4955480731996365,105.85379818806041
1562,3.509107520671819,105.85731884369247
1563,3.5783725948752796,105.86119610021535
1564,3.4959614437996755,105.86474248993859
1565,3.341624969045756,105.86849487901794
1566,3.3763170360927712,105.87171136310937
1567,3.2615318826694075,105.87508510543992
1568,3.0966769939164216,105.87839093901576
1569,2.995302895861135,105.8813714600436
1570,2.9067480329560187,105.88426365160329
1571,2.7790678934352697,105.88712289437647
1572,2.780413126307018,105.89001249136528
1573,2.982204219517619,105.8927986334452
1574,2.9896665084253145,105.89605596727566
1575,2.923068225788978,105.89915246960307
1576,2.909700834665938,105.90201197629396
1577,2.952734079398061,105.90453665584452
1578,2.703938023465143,105.90726909867347
1579,2.648776940062574,105.90994500224565
1580,2.6395430345466586,105.91233951175397
1581,2.658879060626439,105.91492531273265
1582,2.6053297998669382,105.91762743831086
1583,2.461160469897697,105.92020773152447
1584,2.471080881889589,105.9226598003546
1585,2.412276454862664,105.92540487946037
1586,2.1411985668446265,105.92784065924977
1587,2.141806129286872,105.92992588335173
1588,2.13933428571401,105.93184452508912
1589,2.1074179169991667,105.93392770582422
1590,2.2572802214168948,105.93589722864921
1591,2.312862423101723,105.93832540973733
1592,2.3174635913370074,105.94062270243916
1593,2.464086148285027,105.94301169020929
1594,2.6323598279704314,105.9454036832044
1595,2.716127268068155,105.94810437555579
1596,2.6409094557742003,105.9506190315242
1597,2.6712484159523653,105.95324315493211
1598,2.7270935126619564,105.95577015709235
1599,2.470606967983464,105.95842901670623
1600,2.3468594481759517,105.96093033160174
1601,2.3827760427094242,105.96314610828479
1602,2.346340818772877,105.96533885893395
1603,2.406648423720273,105.96785394207328
1604,2.452357765263946,105.97011865705826
1605,2.380108333268383,105.97284383012837
1606,2.345675822471717,105.975157180434
1607,2.3663388457538357,105.97765821140592
1608,2.4600489062872675,105.98020541133293
1609,2.5324815165877816,105.98263005435307
1610,2.3773387314615695,105.98533498055245
1611,2.167702396902173,105.987829162935
1612,2.1218721447520035,105.9901721538128
1613,2.253545918522565,105.99253845987532
1614,2.2100580092327786,105.99499294922224
1615,2.4181008790456398,105.99718271653842
1616,2.286575896501623,105.99967400063687
1617,2.177286093584991,106.00195155892293
1618,2.1129002371650123,106.0042252837717
1619,2.0286484133950173,106.00652256749409
1620,1.9574972363867305,106.00875505339346
1621,1.9940952904832514,106.0108888678979
1622,2.007704247444734,106.01303875797467
1623,1.9196825599866345,106.01522471510476
1624,1.9308188234896821,106.0172189846288
1625,1.8940659736561556,106.01949460109155
1626,1.9876544314588045,106.02164339645485
1627,2.0311226175718753,106.02382753529835
1628,2.1060059745106856,106.02614373858154
1629,2.117536877220318,106.02836332838112
1630,2.118568303886872,106.03068651156075
1631,2.163448102184127,106.03313906246433
1632,2.424010521135038,106.03532248413063
1633,2.4082983606108295,106.03821372364693
1634,2.473624559734975,106.04071826991456
1635,2.539444879180704,106.04330832400116
1636,2.783647628793276,106.04603704328306
1637,2.9213334992794406,106.0491473263624
1638,2.758707997982457,106.05236657251639
1639,2.7502049380937232,106.0555267094948
1640,2.540181725168933,106.05846914869014
1641,2.587471741891684,106.06123403473472
1642,2.597132716251279,106.06376110302956
1643,2.5566723419522632,106.06637445245718
1644,2.5831310531251277,106.06901076116979
1645,2.660437752299935,106.07175511641678
1646,2.6018050181617913,106.07449055649754
1647,2.5022536929919537,106.0772449437615
1648,2.442342412423824,106.07981734842717
1649,2.4891855562690024,106.08233750158378
1650,2.519790122886092,106.08525395527123
1651,2.6016280157073286,106.0878334773327
1652,2.480422467061019,106.09065854365612
1653,2.5541099142047763,106.09308489858593
1654,2.6860425506734362,106.09579481793477
1655,2.8721137989307173,106.09852955697008
1656,2.926675361703093,106.10180884637587
1657,2.931103208753353,106.10476953049766
1658,3.005580156350723,106.10781868751847
1659,2.984479916895799,106.11079798999296
1660,2.8858158486096714,106.11377198209624
1661,2.7365784459370355,106.11675566100998
1662,2.670638623482502,106.11970600204931
1663,2.8297980425380826,106.12264954913151
1664,2.8539883383548075,106.1255437875494
1665,2.710754309507237,106.12851086940505
1666,2.7409502126973364,106.13160628916413
1667,2.8178415558141765,106.13475393597113
1668,2.91770582400017,106.13776524359812
1669,2.85121045744728,106.1409540453654
1670,2.867886193930994,106.14423806023446
1671,2.7417564437671906,106.1476494542049
1672,2.803384759187441,106.15062802892726
1673,2.5887011458883817,106.15367344151056
1674,2.5639275263430785,106.15641382387795
1675,2.490404196029929,106.1589271432652
1676,2.6687925378756256,106.16159943202925
1677,2.8172433745739,106.1645551536111
1678,2.713271553008461,106.167415858106
1679,2.6629421715644708,106.17003128817588
1680,2.4733122381584782,106.17289955552678
1681,2.3548847607019114,106.17524948482239
1682,2.226968345827062,106.17746048733633
1683,2.2358705549359947,106.17950424000685
1684,2.266862826384467,106.18149951394663
1685,2.171559981157523,106.18397216772782
1686,2.3021046876892193,106.1862084525707
1687,2.5200886608851842,106.18885942888558
1688,2.4602534636124744,106.19155550415537
1689,2.4100226716913227,106.19437467837
1690,2.4934904959410127,106.19678105743411
1691,2.4819641493303934,106.19943627882235
1692,2.4643134472979478,106.20184991786675
1693,2.472485798381556,106.2043380988841
1694,2.529379426593148,106.20703019796572
1695,2.7702817003172497,106.20957904576993
1696,2.718909453913402,106.21233146229297
1697,2.7561605335201063,106.21507644922644
1698,2.6173850202133764,106.21787770258858
1699,2.421266253484314,106.22060211398507
1700,2.541963009975333,106.22323364768195
1701,2.476031092410339,106.22573198766692
1702,2.5304013436503427,106.22820399323474
1703,2.574247431866441,106.23076769903972
1704,2.630565202559834,106.23325568779839
1705,2.5621579185686434,106.23580879501928
1706,2.6203418395879496,106.2384657845107
1707,2.772561036139285,106.2410323120927
1708,2.816024897550461,106.24423177173404
1709,2.9374396665921334,106.2473391111437
1710,2.8981000460939823,106.25041399797526
1711,2.8791679889142587,106.25349925202985
1712,3.0152719493467157,106.25657845715742
1713,2.960752444441113,106.25971807560379
1714,2.9108370828920975,106.26276210740927
1715,2.8868719164425802,106.26610876427713
1716,2.779211262472888,106.26894780037046
1717,2.82336867242816,106.27172654614604
1718,2.804012926849505,106.27460400942157
1719,2.837589419255787,106.27752960807568
1720,2.7645232360610175,106.28069565268402
1721,2.69729230893895,106.28348693520402
1722,2.763747163326158,106.28631907652462
1723,2.705326934888525,106.28916472862232
1724,2.761952853957606,106.29187569152337
1725,2.761747910612457,106.29488165591091
1726,2.7968967168356484,106.29781411693459
1727,3.031536740787898,106.30086405620004
1728,3.106919059072433,106.30397092183571
1729,3.2322856792550265,106.30711488640948
1730,3.1229167616034825,106.31042475862458
1731,3.1650552565915375,106.313708826801
1732,3.3251584291299077,106.31714796566978
1733,3.403350949254389,106.3208904345093
1734,3.3849698564174906,106.32445864363889
1735,3.3807098226889467,106.32819715992865
1736,3.2942106741927573,106.33175853742488
1737,3.2460665809193014,106.33508612329727
1738,3.1742707968416233,106.33843520989755
1739,3.1050357468287775,106.34179538646937
1740,3.1631328247954658,106.34507640988363
1741,3.106357538406945,106.3482526528999
1742,3.149778282803933,106.35138089381
1743,3.1478238251120825,106.35460386456067
1744,3.3520529720172507,106.35786072501186
1745,3.3278441998530788,106.36137012673858
1746,3.4072462379383257,106.3650869845897
1747,3.3283594793442703,106.3685644879838
1748,3.264966406654422,106.37178538003117
1749,3.229843326586254,106.37494379708788
1750,3.255649284521915,106.37839145105798
1751,3.234701977292846,106.38171414629056
1752,3.154317717120043,106.38510581260975
1753,3.2214762681239875,106.38826992823039
1754,3.2600323809113636,106.39156738773481
1755,3.348179374113742,106.39487291506204
1756,3.3348723460832272,106.39825943542662
1757,3.4817556599138153,106.40190863165701
1758,3.4820881832229236,106.405772677991
1759,3.3478574246235775,106.40960915590962
1760,3.388759793201563,106.41345996298158
1761,3.152257468382316,106.41690862267542
1762,3.17319571378076,106.42022048171233
1763,3.194596076290025,106.4235163851647
1764,2.9939631778109668,106.42696094822784
1765,2.779097434630666,106.42990437280416
1766,2.6794550141686018,106.43285147365141
1767,2.649190254731233,106.4354129709453
1768,2.520830950312702,106.43820633519626
1769,2.6578399994679645,106.4409460041145
1770,2.523814398603592,106.4435077470891
1771,2.606176655759491,106.44610924445104
1772,2.4159758734653143,106.44899549248095
1773,2.5715955309291805,106.45171041465397
1774,2.630188449748562,106.45418351509326
1775,2.4699108518239776,106.45700826529989
1776,2.493060487277359,106.45973038620741
1777,2.5539807921355253,106.46239662490918
1778,2.721846353844453,106.46528361462744
1779,2.56645312264037,106.46809226334025
1780,2.7309480211729262,106.47072408478599
1781,2.7016993895111843,106.4735397954305
1782,2.9362562522148914,106.4764666008361
1783,3.1012462790865687,106.47957646479658
1784,2.772040448603023,106.48294813859492
1785,2.8312804477138425,106.48578316087202
1786,2.809249436978042,106.48872736454624
1787,2.905355478679536,106.49173863601119
1788,2.9574645948998426,106.49474541207918
1789,3.0020331417154624,106.49801043286902
1790,3.0839124926759793,106.50128838892601
1791,2.9956487871488693,106.50467722261752
1792,2.798371072885783,106.50770469802346
1793,2.882077954984293,106.51086530822525
1794,2.8902571571186364,106.51367180301511
1795,3.0201818153815565,106.51682539766693
1796,3.0759865783936746,106.51998978846304
1797,3.0334309344481105,106.52327925309967
1798,3.057439014015623,106.52640143302412
1799,3.189982691265984,106.52958968580518
1800,3.2113040730077356,106.5329905440212
1801,2.99508853671681,106.53631403366926
1802,3.1353990577359467,106.5394403146719
1803,3.0277817271825938,106.54273732369226
1804,2.990503161353448,106.54617508391479
1805,2.8604772758148953,106.54906173923095
1806,2.891798840203878,106.55220254763755
1807,2.849723982763767,106.55521764863117
1808,2.9124973100845226,106.55819087225484
1809,2.9788892948014754,106.56102360775034
1810,2.827403532614748,106.56425661624037
1811,2.5905494895705496,106.56705447845603
1812,2.541845107778084,106.56989871490327
1813,2.6169510433850696,106.57237592580627
1814,2.6622789989265043,106.57521747946478
1815,2.7192123444064884,106.57782406819763
1816,2.575749103324864,106.58047323381108
1817,2.4434303934669406,106.58307513313537
1818,2.5026420004006584,106.5854746065146
1819,2.382468690202536,106.58803513016231
1820,2.4352301222078285,106.59074080495542
1821,2.2678446333871296,106.59320066007015
1822,2.2427423188630793,106.59552638022677
1823,2.186511706875714,106.59804087152791
1824,2.2503613621576695,106.60035247630906
1825,2.1014764255617564,106.60287052058881
1826,2.2009709883192463,106.60513248167243
1827,2.2273925767364604,106.60758046507435
1828,2.3180278745614413,106.60993943837542
1829,2.2564318225872904,106.61252379566449
1830,2.366811650249032,106.61518118618133
1831,2.31089061113596,106.61766503633403
1832,2.4666876245526286,106.6202091985759
1833,2.3021162597037885,106.6227739715182
1834,2.1587661502696127,106.62536126056015
1835,2.1371891339629974,106.62744660068677
1836,2.157225642268835,106.62970755705894
1837,2.19699802619924,106.63216513741797
1838,2.2632711053939647,106.63451574230434
1839,2.108168494671977,106.63671070412529
1840,2.2837256077637136,106.63891503334622
1841,2.2741312516661254,106.64129147949046
1842,2.3766614855310055,106.64394175960663
1843,2.4004724528402623,106.64659688126228
1844,2.5172445569691164,106.64931408603273
1845,2.8703993047273486,106.65183118089341
1846,2.768576144765684,106.65485518158808
1847,2.7920246488703957,106.65792546075485
1848,2.7799818368176537,106.66093851190041
1849,2.896348789312212,106.6637263388822
1850,2.967167968688202,106.6668063908357
1851,3.0474636366765484,106.6697097215458
1852,2.9867120218309973,106.67274345682999
1853,3.0331699591864454,106.6755872967508
1854,2.9362138746506927,106.67871380518207
1855,2.8848356267334245,106.68185936878649
1856,2.982304626008987,106.6847537811355
1857,3.0702342588373535,106.68785312876985
1858,3.1588914719395476,106.69094601005743
1859,3.063094238883545,106.6941983559503
1860,3.1232991496891414,106.6973006760525
1861,3.0358890706603137,106.70073678549237
1862,3.0314536488105652,106.70384291205983
1863,3.1058104361525865,106.70697676979417
1864,3.1342380539695283,106.71019464055404
1865,3.261027707730132,106.7135840054716
1866,3.139261279478206,106.71740686460589
1867,3.133810892847876,106.72114335179143
1868,3.0026721406378174,106.72446730515006
1869,2.9733922340956993,106.72775436010227
1870,2.98778632013739,106.73107205539054
1871,3.0113164381340614,106.73445029681035
1872,3.113071577742983,106.73779362696555
1873,3.225114944972049,106.7412915716957
1874,3.1823913571536226,106.74479922960067
1875,3.219462158398529,106.74809034473812
1876,3.396729546431665,106.75162488002535
1877,3.5512568711633112,106.7551745714164
1878,3.551840440389078,106.75894009896089
1879,3.589456605071494,106.76253309063281
1880,3.578445553443357,106.7662838638008
1881,3.3400397913914883,106.77003026188515
1882,3.221005871085961,106.7736647932407
1883,3.1978286365716335,106.77738006287656
1884,3.1675083324366278,106.78092135472643
1885,3.130376601918082,106.78430394278173
1886,3.043154603904329,106.7874849677232
1887,3.0548151416206,106.79088031178603
1888,3.032871642571821,106.79413723819954
1889,2.919467035079457,106.79690910086128
1890,2.8644252697938932,106.80008696293862
1891,2.7985649799508363,106.80313567243829
1892,2.8850283101977308,106.80580798353797
1893,2.9443580941431318,106.80892364286318
1894,2.89841206547256,106.81200341281512
1895,2.9470760245804097,106.81479377712455
1896,2.916649123971792,106.818083824795
1897,2.8887825097089395,106.82111911481518
1898,2.841841626379171,106.82396728448272
1899,2.935615666077691,106.82674651578824
1900,2.9484158940008727,106.82970089289779
1901,2.891737657424526,106.8326527923333
1902,3.0193915240292366,106.83563670482197
1903,2.9870550589833536,106.83868619559405
1904,2.8672049684937826,106.84170160068862
1905,2.793484282846852,106.84466827975216
1906,2.6245429860000034,106.84749957376
1907,2.545236626861946,106.85016731247089
1908,2.512370311675072,106.85295762975514
1909,2.389154333099742,106.85547368389675
1910,2.308902470727886,106.85789229428235
1911,2.1910328586762056,106.86015758869102
1912,2.29397039355362,106.86253074593044
1913,2.1071546218379473,106.86466005321164
1914,1.9703289498358547,106.86672407591328
1915,1.9778751729146755,106.86877411730339
1916,1.8112221541203293,106.8707561687722
1917,1.826491135489987,106.87262233038015
1918,1.6974860386594948,106.8743540186636
1919,1.7268132983602158,106.87592099456683
1920,1.6570592358563725,106.87759218223914
1921,1.5852208053691943,106.87900134764487
1922,1.6331949769450753,106.88037623819801
1923,1.6412667438029376,106.88207255202299
1924,1.4589455675965588,106.88357824369977
1925,1.4593278557580134,106.8849604842912
1926,1.4296316880017779,106.88637102223477
1927,1.3678653773296345,106.88750006653844
1928,1.2926161259737519,106.88855828993842
1929,1.1981983255790727,106.88977793632101
1930,1.209376354460388,106.89082465142067
1931,1.1380820350398877,106.89193727739661
1932,1.3183134968610473,106.89304692715808
1933,1.4705572675917795,106.89414081552799
1934,1.4479163509966109,106.8954330644167
1935,1.5214029955504615,106.89677450653629
1936,1.4920330002795446,106.8982584920422
1937,1.440088982184374,106.89967033309901
1938,1.4312624568149979,106.9009959981199
1939,1.3546366673775323,106.90259852091582
1940,1.2630057891989401,106.90388777247057
1941,1.465424439863583,106.90514802669517
1942,1.4273500473235654,106.90627022069366
1943,1.4552453489475934,106.90743403730663
1944,1.5244874575646707,106.90885477768184
1945,1.418543779748563,106.91019148494145
1946,1.259986119130024,106.91139841208503
1947,1.3902085915995446,106.91232516347283
1948,1.405793534359443,106.91364292684334
1949,1.3965914356761784,106.91492525946204
1950,1.4171259075208325,106.91609371684416
1951,1.4483017962475746,106.91739499317954
1952,1.5334242567651664,106.91866985030669
1953,1.6008529925107118,106.92000329766327
1954,1.5794842834895406,106.92139416836946
1955,1.5753252645263904,106.92292880343562
1956,1.6932339375152046,106.92432267885322
1957,1.5247977334166076,106.92588756020831
1958,1.5189705014289971,106.92724421727696
1959,1.4016628719938355,106.92875633473594
1960,1.2159991964611172,106.92993476835579
1961,1.1501122730042361,106.93120170641201
1962,1.0211364787547716,106.93213370494516
1963,1.0619039491248081,106.93292188657199
1964,0.8860870765460128,106.93410207196138
1965,0.9844175355864724,106.93468875343261
1966,0.9370575314937708,106.93550943659207
1967,1.0239341542112725,106.9364440245506
1968,0.934067060953267,106.93714648525763
1969,0.8585155959235826,106.93800061931316
1970,0.7973669131518821,106.93853118261146
1971,0.7548646356883044,106.93923736474949
1972,0.7441972111289998,106.94016661738712
1973,0.6326445837431387,106.94049733817462
1974,0.6224006673812591,106.94102329821267
1975,0.6461164951262302,106.94153998930825
1976,0.6808542159869418,106.94197676118353
1977,0.7878656655774806,106.94240737248991
1978,0.8128916520530357,106.94325789768963
1979,0.8792034329292442,106.94402747098265
1980,1.003485646325789,106.94464145866195
1981,0.9214859042425644,106.94552795127056
1982,0.9848103443987292,106.94638685404041
1983,0.9007863038015503,106.94716447552763
1984,0.8405997744641418,106.94807812585866
1985,0.8578260348386738,106.94894612742338
1986,0.5785089788704706,106.9498128989539
1987,0.5822464781457283,106.95061528869161
1988,0.5007727720005941,106.95103538552416
1989,0.35357949478572676,106.95141421842601
1990,0.41913930375694985,106.95161151475277
1991,0.35847412750848495,106.95203279615289
1992,0.4221481065754907,106.95239207223801
1993,0.4890375187533717,106.95258943203787
1994,0.5977659530372084,106.95321404549347
1995,0.8294634217493319,106.95367074073972
1996,0.7852764552918463,106.95461621052955
1997,0.6859241113162154,106.95551963760853
1998,0.9152915460071017,106.9562741744101
1999,0.8917170305321337,106.95717596052135
